<?xml version="1.0" encoding="UTF-8"?>
<!DOCTYPE suite SYSTEM "http://testng.org/testng-1.0.dtd">
<suite name="SampleTestsForWebBrowser"  parallel="methods" thread-count="1">   
	<test name="FunctionalTests">    
		<classes>
			<!-- <class name="com.manulife.automation.selenium_execution.tests.web.MFCentralJobSearchTest" />
			<class name="com.manulife.automation.selenium_execution.tests.web.BaseUrlTest"></class>
			<class name="com.manulife.automation.selenium_execution.tests.web.PdfUtilTest"></class>
			<class name="com.manulife.automation.selenium_execution.tests.web.ImageCompareUtilTest"></class>
			<class name="com.manulife.automation.selenium_execution.tests.web.MultiLanguageVerificationTest"></class>
			<class name="com.manulife.automation.selenium_execution.tests.web.AutomationPracticeWithSubIterationTest"></class>
			<class name="com.manulife.automation.selenium_execution.tests.mobile.web.MobileBrowserTest"></class> -->
			<class name="com.manulife.automation.selenium_execution.tests.web.Navigator_Utilities_TC01"></class>
		</classes>
	</test> <!-- Test -->
	
</suite> 